Workbook

Sheet Materiales_48
A1: CODIGOADMINISTRATIVO | B1: CODIGOGRUPOTRABAJO | C1: CODIGOMATERIAL | D1: NOMBREMATERIAL | E1: CODIGOUNIDAD | F1: CANTIDADACTUAL | G1: NOMBRETIPOMATERIAL
A2: 102 | B2: 48 | C2: 100001 | D2: ABRAZ SENC.6A 6-5/8,1/4X1-1/2 6366 | E2: UN | F2: 0 | G2: =VLOOKUP(C2,NOMBRETIPOMATERIAL!A:C,3,FALSE) -> HERRAJE
A3: 102 | B3: 48 | C3: 100000 | D3: ABRAZADERA AJUSTABLE 4 PERNOS 7-1/2X1/2" | E3: UN | F3: 3 | G3: =VLOOKUP(C3,NOMBRETIPOMATERIAL!A:C,3,FALSE) -> HERRAJE
A4: 102 | B4: 48 | C4: 100003 | D4: ABRAZADERA PLETINA 6MM 180MM+ PERNO 5/8" | E4: UN | F4: 4 | G4: =VLOOKUP(C4,NOMBRETIPOMATERIAL!A:C,3,FALSE) -> HERRAJE
A5: 102 | B5: 48 | C5: 100002 | D5: ABRAZADERA T/DADO P/POSTE DE 6X1/4X2" | E5: UN | F5: 4 | G5: =VLOOKUP(C5,NOMBRETIPOMATERIAL!A:C,3,FALSE) -> HERRAJE
A6: 102 | B6: 48 | C6: 30002 | D6: AISLADOR DE CARRETE 3-1/8" CLASE 53-2 | E6: UN | F6: 2 | G6: =VLOOKUP(C6,NOMBRETIPOMATERIAL!A:C,3,FALSE) -> AISLAMIENTO
A7: 102 | B7: 48 | C7: 30033 | D7: AISLADOR DE SUSPENSION ANSI CLASE 52-3 | E7: UN | F7: 0 | G7: =VLOOKUP(C7,NOMBRETIPOMATERIAL!A:C,3,FALSE) -> AISLAMIENTO
A8: 102 | B8: 48 | C8: 30030 | D8: AISLADOR DE SUSPENSION CLASE 52-4 | E8: UN | F8: 15 | G8: =VLOOKUP(C8,NOMBRETIPOMATERIAL!A:C,3,FALSE) -> AISLAMIENTO
A9: 102 | B9: 48 | C9: 30004 | D9: AISLADOR DE SUSPENSION CLASE 52-9 | E9: UN | F9: 0 | G9: =VLOOKUP(C9,NOMBRETIPOMATERIAL!A:C,3,FALSE) -> AISLAMIENTO
A10: 102 | B10: 48 | C10: 30001 | D10: AISLADOR ESPIGA PARA 34.5 KV CLASE 56-3 | E10: UN | F10: 0 | G10: =VLOOKUP(C10,NOMBRETIPOMATERIAL!A:C,3,FALSE) -> AISLAMIENTO
A11: 102 | B11: 48 | C11: 30023 | D11: AISLADOR TENSIÓN P/ RETENIDA CLASE 54-4 | E11: UN | F11: 5 | G11: =VLOOKUP(C11,NOMBRETIPOMATERIAL!A:C,3,FALSE) -> AISLAMIENTO
A12: 102 | B12: 48 | C12: 30026 | D12: AISLADOR TENSION P/RETENIDA CLASE 54-2 | E12: UN | F12: 11 | G12: =VLOOKUP(C12,NOMBRETIPOMATERIAL!A:C,3,FALSE) -> AISLAMIENTO
A13: 102 | B13: 48 | C13: 30032 | D13: AISLADOR TENSION P/RETENIDA CLASE 54-3 | E13: UN | F13: 23 | G13: =VLOOKUP(C13,NOMBRETIPOMATERIAL!A:C,3,FALSE) -> AISLAMIENTO
... A238: 102 | B238: 48 | C238: 99000835 | D238: VARILLA CB ATER ACER CU 250MC 5/8X8 ENEE | E238: UN | F238: 0 | G238: =VLOOKUP(C238,NOMBRETIPOMATERIAL!A:C,3,FALSE) -> ENEE

Sheet NOMBRETIPOMATERIAL
A1: CODIGO | B1: NOMBREMATERIAL | C1: NOMBRETIPOMATERIAL
A2: 10003 | B2: BORNERA BASE MED SOCKET CL.100 240V. 3H. | C2: HERRAJE
A3: 10004 | B3: BORNERA BASE MED SOCKET CL.200 240V. 3H | C3: HERRAJE
A4: 10005 | B4: BORNERA BASE MED TRIF SCKET CL.200 240V | C4: SUBESTACION
A5: 10006 | B5: BORNERA PARA CORRIENTE | C5: SUBESTACION
A6: 10007 | B6: BORNERAS PARA CONTROL | C6: SUBESTACION
A7: 10010 | B7: CONECTOR CUÑA PRESION 2 A 2 AWG | C7: CONECTORES
A8: 10011 | B8: CONECTOR ALUMINIO COMPRESION 1/0-2 AWG | C8: CONECTORES
A9: 10012 | B9: CONECTOR ALUM COMPRESIÓN RANG 4 A 6 AWG | C9: CONECTORES
A10: 10013 | B10: CONECTOR DE COMPRESIÓN 60A60 | C10: CONECTORES
A11: 10014 | B11: CONECTOR COMPR CABLE 1/0 - #2 | C11: CONECTORES
A12: 10015 | B12: CONECTOR COMPR CABLE 1/0 A 1/0 TIPO C | C12: CONECTORES
A13: 10016 | B13: CONECT COMPR CABLE 3/0 Y 4/0 CON #2 - #6 | C13: CONECTORES
... A2283: 10000 | B2283: BLOQ MADER P/ CÁMAR DE INSPEC 10X50X10CM | C2283: HERRAMIENTAS
